<?xml version="1.0" encoding="iso-8859-1"?>
<?xml-stylesheet href="file:///C:/Program Files (x86)/Nmap/nmap.xsl" type="text/xsl"?><nmaprun start="1568552332" profile_name="" xmloutputversion="1.04" scanner="nmap" version="7.40" startstr="Sun Sep 15 05:58:52 2019" args="nmap -sn 172.30.0.0/24"><verbose level="0"></verbose><debugging level="0"></debugging><output type="interactive">
Starting Nmap 7.40 ( https://nmap.org ) at 2019-09-15 05:58 Pacific Daylight Time
Nmap scan report for 172.30.0.2
mass_dns: warning: Unable to determine any DNS servers. Reverse DNS is disabled. Try using --system-dns or specify valid servers with --dns-servers
Host is up (0.00s latency).
MAC Address: 00:50:56:A6:B8:3B (VMware)
Nmap scan report for 172.30.0.11
Host is up (0.00s latency).
MAC Address: 00:50:56:A6:2C:BC (VMware)
Nmap scan report for 172.30.0.10
Host is up.
Nmap done: 256 IP addresses (3 hosts up) scanned in 13.58 seconds
</output><host comment=""><status state="up"></status><address addrtype="ipv4" vendor="" addr="172.30.0.2"></address><address addrtype="mac" vendor="VMware" addr="00:50:56:A6:B8:3B"></address><hostnames></hostnames><ports></ports><os></os><uptime lastboot="" seconds=""></uptime><tcpsequence index="" values="" difficulty=""></tcpsequence><ipidsequence values="" class=""></ipidsequence><tcptssequence values="" class=""></tcptssequence></host><host comment=""><status state="up"></status><address addrtype="ipv4" vendor="" addr="172.30.0.11"></address><address addrtype="mac" vendor="VMware" addr="00:50:56:A6:2C:BC"></address><hostnames></hostnames><ports></ports><os></os><uptime lastboot="" seconds=""></uptime><tcpsequence index="" values="" difficulty=""></tcpsequence><ipidsequence values="" class=""></ipidsequence><tcptssequence values="" class=""></tcptssequence></host><host comment=""><status state="up"></status><address addrtype="ipv4" vendor="" addr="172.30.0.10"></address><hostnames></hostnames><ports></ports><os></os><uptime lastboot="" seconds=""></uptime><tcpsequence index="" values="" difficulty=""></tcpsequence><ipidsequence values="" class=""></ipidsequence><tcptssequence values="" class=""></tcptssequence></host><runstats><finished timestr="Sun Sep 15 05:59:05 2019" time="1568552345"></finished><hosts down="253" total="256" up="3"></hosts></runstats></nmaprun>